ID,LABEL,DESCRIPTION,INTENT,SCOPE,TOPIC,MAGAZINES,MAGAZINE ARTICLE ID,WORKSHOPS,LITERATURE,NEW
1,Data Sources Disclosed,Indicates that the data sources for this visualization are known and listed.,Confirmation,Data,Source,"Financial Times, BBC","FT14, B1",,"""Burns et al., “From Invisible to Visible.”,Burns et al., “Making the Invisible Visible.”"", ""Degbelo and Kauppinen, “Increasing Transparency through Web Maps.”""",
2,Open Data,"Indicates that the visualization uses publicly accessible data, which can be downloaded, verified, or reused.",Confirmation,Data,Availability,,,"WS-NetZero, WS-Earth","""Gebru et al., “Datasheets for Datasets.”"", ""Burns et al., “From Invisible to Visible.”,Burns et al., “Making the Invisible Visible.”"", ""Hullman and Diakopoulos, “Visualization Rhetoric.”""",
3,Dataset Linked,Indicates that a link to the dataset is provided with the visualization.,Confirmation,Data,Availability,Financial Times,FT2,,"""Burns et al., “From Invisible to Visible.”,Burns et al., “Making the Invisible Visible.”""",
4,Data Citation,References a published work that describes or validates the dataset.,Confirmation,Context,Attribution,,,,"""Hullman and Diakopoulos, “Visualization Rhetoric.”"", ""Degbelo and Kauppinen, “Increasing Transparency through Web Maps.”""",
5,Raw Data Available,"Indicates that unprocessed material (e.g., images, scans, text) is accessible.",Confirmation,Data,"Source, Availability","Financial Times, The Economist, BBC","FT7, E5, B1, FT2",,"""Gebru et al., “Datasheets for Datasets.”""",
6,Trusted Data Source,Indicates that the data is from a source the author deems reliable or reputable.,Confirmation,Context,Source,Financial Times,FT4,WS-Earth,"""Lin et al., “Data Hunches.”"", ""Degbelo and Kauppinen, “Increasing Transparency through Web Maps.”""",
7,Dynamic Data,"Indicates that the information is refreshed regularly or continuously, so the chart may change over time.",Information,Data,"Availability, Time","BBC, Financial Times, The Guardian, NewYork Times","B1, FT1, G3, NYT2, NYT4, NYT5",WS-Peace,"""Gebru et al., “Datasheets for Datasets.”"", ""Degbelo and Kauppinen, “Increasing Transparency through Web Maps.”""",
8,Data Up-to-Date,Indicates that the dataset reflects the latest available data.,Confirmation,Data,"Availability, Time",,,,"""Wood, Jo, Alexander Kachkaev, and Jason Dykes. “Design Exposition with Literate Visualization.” IEEE Transactions on Visualization and Computer Graphics 25, no. 1 (January 2019): 759–68. https://doi.org/10.1109/TVCG.2018.2864836.""",
9,Data Quality Constraints,Indicates that the data has known limitations.,Warning,Data,Constraints,"The Economist, NewYork Times","E13, NYT1, NYT2, NYT4",WS-Peace,"""Burns et al., “From Invisible to Visible.”,Burns et al., “Making the Invisible Visible.”""",
10,Analysis Constraints,Indicates that the data analysis process has known limitations.,Warning,Analysis,Constraints,,,,,
11,Missing Data,Indicates that parts of the data are missing.,Warning,Data,"Constraints, Uncertainty","The Economist, Financial Times","E1, FT13, E14",WS-Peace,"""Cairo, How Charts Lie."", ""Lin et al., “Data Hunches.”""",
12,Contains Modeled Data,Indicates that some or all of the dataset is derived from algorithmic modeling.,Warning,Data,"Uncertainty, Bias","NewYork Times, The Guardian","NYT17, G10","WS-NetZero, WS-Earth","""Lin et al., “Data Hunches.”""",
13,Contains Predictions,Indicates that some or all of the data represents future predictions with inherent uncertainty.,Warning,Data,"Uncertainty, Bias",,,,,
14,May Contain Bias,"Indicates potential systematic distortion from collection, sampling, or modeling processes.",Warning,Analysis,"Bias, Uncertainty",,,,,
15,May Contain Noise,Indicates that random variation or measurement errors may be present.,Warning,Analysis,Uncertainty,Financial Times,FT4,,"""Gebru et al., “Datasheets for Datasets.”""",
16,Heterogenous Data,"Indicates that the visualization merges data from diverse sources, e.g., text, images, or sensors.",Information,Data,Source,,,,,
17,Human Survey Data,Indicates that the data comes directly from individuals’ statements or surveys.,Information,Data,Source,,,,"""Gebru et al., “Datasheets for Datasets.”""",
18,Derived Data,Indicates that the visualization shows data created by algorithms or processes.,Information,Data,Transformation,,,,"""Gebru et al., “Datasheets for Datasets.”""",
19,Manually Collected Data,"Indicates that humans actively gathered or annotated the data (e.g., via observations or coding).",Information,Data,Source,"BBC, The Economist","B4, E8",,"""Gebru et al., “Datasheets for Datasets.”""",
20,Sensor Data,"Indicates that data is captured by physical instruments (e.g., sensors, lab equipment).",Information,Data,Source,,,,"""Gebru et al., “Datasheets for Datasets.”""",
21,API-Based Collection,"Indicates that data was retrieved via an API (e.g., social media or open-data endpoints).",Information,Data,Source,,,,"""Gebru et al., “Datasheets for Datasets.”""",
22,Collection Period Specified,Indicates that the timeframe of data collection is specified.,Confirmation,Data,Source,The Economist,E8,WS-Peace,"""Burns et al., “From Invisible to Visible.”,Burns et al., “Making the Invisible Visible.”"", ""Gebru et al., “Datasheets for Datasets.”""",
23,Data Creator(s) Attributed,Identifies the individual or team responsible for collecting the dataset.,Confirmation,Context,Attribution,"BBC, Financial Times, The Guardian, NewYork Times","B1, B2, B3, FT1, FT2, FT3, G2, G3, NYT2, NYT3, NYT5",,"""Gebru et al., “Datasheets for Datasets.”"", ""Burns et al., “From Invisible to Visible.”,Burns et al., “Making the Invisible Visible.”"", ""Mitchell et al., “Model Cards for Model Reporting.”""",
24,Adapted Elsewhere,Indicates that the same data or visualization was reused by third parties. This can be a sign of endorsement and validity of the data or visulization. ,Confirmation,Context,Usage,,,"WS-Peace, WS-Earth","""Gebru et al., “Datasheets for Datasets.”"", ""Degbelo and Kauppinen, “Increasing Transparency through Web Maps.”""",
25,Multiple Data Sources,"Indicates that datasets from multiple origins were combined, likely with some aggregation.",Information,Data,Source,"The Economist, Financial Times, NewYork Times","E10, FT13, NYT17",WS-Peace,"""Gebru et al., “Datasheets for Datasets.”""",
26,Single Data Source,Indicates that the visualization relies on data from a single source.,Information,Data,Source,Financial Times,FT13,WS-Peace,"""Gebru et al., “Datasheets for Datasets.”""",
27,Missing Values Handled,"Indicates that missing data had been treated by some method, e.g., by imputation, deletion, or a any other custom method.",Information,Analysis,"Constraints, Uncertainty, Preprocessing","BBC, Financial Times","B1, FT2, FT3",,"""Gebru et al., “Datasheets for Datasets.”"", ""Burns et al., “From Invisible to Visible.”,Burns et al., “Making the Invisible Visible.”"", ""Mitchell et al., “Model Cards for Model Reporting.”""",
28,Outliers Removed,"Indicates that extreme values were excluded or adjusted, possibly affecting distributions or variance.",Information,Analysis,"Preprocessing, Bias, Transformation",,,,,
29,Binning Applied,Indicates that continuous values were grouped into categories.,Information,Analysis,"Preprocessing, Transformation",,,,,
30,Data Normalized,"Indicates that values were scaled or standardized (e.g., min–max, z-score) for alignment.",Information,Analysis,"Preprocessing, Transformation",,,,"""Lo, Leo Yu-Ho, Ayush Gupta, Kento Shigyo, Aoyu Wu, Enrico Bertini, and Huamin Qu. “Misinformed by Visualization: What Do We Learn From Misinformative Visualizations?” arXiv, April 20, 2022. https://doi.org/10.48550/arXiv.2204.09548.""",
31,Tokenization Applied,Indicates that text was split into discrete tokens (words or subwords) for analysis.,Information,Analysis,"Preprocessing, NLP",,,,,
32,Part-of-Speech Tagging Applied,"Indicates that each token was labeled with a grammatical function (e.g., noun, verb).",Information,Analysis,"Preprocessing, NLP",,,,,
33,Features Extracted,"Indicates that additional features (e.g., word embeddings) were created from raw data.",Information,Analysis,Preprocessing,,,,,
34,Stemming Applied,"Indicates that words were reduced to their base forms, removing morphological variations.",Information,Analysis,"Preprocessing, NLP",,,,,
35,Stopwords Removed,Indicates that common filler words were removed to emphasize key terms.,Information,Analysis,"Preprocessing, NLP",,,,,
36,Analysis Tools Attributed,"Indicates that data analysis was done using a stated, available tool.",Confirmation,Analysis,Tools,,,,"""Gebru et al., “Datasheets for Datasets.”"", ""Burns et al., “From Invisible to Visible.”,Burns et al., “Making the Invisible Visible.”"", ""Mitchell et al., “Model Cards for Model Reporting.”""",
37,Automatically Labeled Data,Indicates that some or all labels in the dataset were generated automatically.,Warning,Analysis,"NLP, Uncertainty",The Economist,E13,,,
38,Random Sampling,Indicates that data points were selected using a purely random or probabilistic method.,Information,Analysis,Sampling,,,,,
39,Stratified Sampling,Indicates that subgroups (strata) were identified and then sampled proportionally.,Information,Analysis,Sampling,,,,,
40,Systematic Sampling,Indicates that data points were chosen at regular intervals.,Information,Analysis,Sampling,,,,,
41,Cluster Sampling,Indicates that entire clusters were used as sampling units.,Information,Analysis,Sampling,,,,,
42,Alternative Units as Reference,"Provides a secondary unit or scale to clarify the primary measurements (e.g., kilometers vs. miles).",Confirmation,Visual Encoding,Interpretation,,,,,
43,Complex Units,Indicates that this visualization contains units likely unfamilar to the intended audience requiring explanation or reference points,Warning,Context,"Audience, Interpretation","The Economist, NewYork Times, Financial Times","E5, NYT17, FT16","WS-Peace, WS-Earth",,
44,95% CI Error Bars,Indicates that 95% confidence intervals are displayed; out-of-range values are still possible but less likely.,Information,Analysis,Uncertainty,,,,"""Gebru et al., “Datasheets for Datasets.”""",
45,Actual Time Offset,Indicates that the chart’s latest timestamp lags behind real time.,Warning,Analysis,"Uncertainty, Time","The Economist, The Guardian","E11, G14",WS-Earth,,
46,Time Range Selected,"Indicates that data is shown only for a chosen timeframe, excluding earlier or later periods.",Information,Context,"Filtering, Exploration, Time",,,,"""Lisnic, Maxim, Cole Polychronis, Alexander Lex, and Marina Kogan. “Misleading Beyond Visual Tricks: How People Actually Lie with Charts.” In Proceedings of the 2023 CHI Conference on Human Factors in Computing Systems, 1–21. Hamburg Germany: ACM, 2023. https://doi.org/10.1145/3544548.3580910.""",
47,Data Filtered,Indicates that data was included or excluded based on specific conditions or statuses.,Information,Context,"Filtering, Exploration",,,,,
48,Geographically Filtered,Indicates that the dataset is filtered by geographic criteria.,Information,Context,"Filtering, Exploration",,,,,
49,Demographic Filter,"Indicates that data was filtered by demographic attributes (e.g., age, gender).",Information,Context,"Exploration, Filtering",,,,,
50,Data Manually Removed,Indicates that some data points were intentionally removed for specific reasons.,Warning,Analysis,"Constraints, Exploration",The Guardian,G10,WS-Peace,"""Lin et al., “Data Hunches.”"", ""McNutt, Andrew, Gordon Kindlmann, and Michael Correll. “Surfacing Visualization Mirages.” In Proceedings of the 2020 CHI Conference on Human Factors in Computing Systems, 1–16. CHI ’20. New York, NY, USA: Association for Computing Machinery, 2020. https://doi.org/10.1145/3313831.3376420.""",
51,Can Sort & Filter,Indicates that viewers can reorder or filter data for a custom view.,Confirmation,Interaction,"Tools, Exploration",,,,"""Hullman and Diakopoulos, “Visualization Rhetoric.”""",
52,Aggregated Data,"Indicates that values were combined or averaged, which may hide variation.",Information,Analysis,Aggregation,Financial Times,FT13,"WS-Peace, WS-NetZero","""Hullman and Diakopoulos, “Visualization Rhetoric.”""",
53,Simpson's Paradox,Indicates that aggregated data can mask or reverse trends visible in subgroups (Simpson's paradox).,Warning,Analysis,Interpretation,,,,"""Cairo, How Charts Lie."", ""McNutt, Andrew, Gordon Kindlmann, and Michael Correll. “Surfacing Visualization Mirages.” In Proceedings of the 2020 CHI Conference on Human Factors in Computing Systems, 1–16. CHI ’20. New York, NY, USA: Association for Computing Machinery, 2020. https://doi.org/10.1145/3313831.3376420.""",
54,Correlation ≠ Causation,Reminds viewers that observed correlation may not imply causation.,Warning,Analysis,Interpretation,"The Economist, NewYork Times","E11, NYT16",,"""Cairo, How Charts Lie."", ""Hullman and Diakopoulos, “Visualization Rhetoric.”"", ""Lo, Leo Yu-Ho, Ayush Gupta, Kento Shigyo, Aoyu Wu, Enrico Bertini, and Huamin Qu. “Misinformed by Visualization: What Do We Learn From Misinformative Visualizations?” arXiv, April 20, 2022. https://doi.org/10.48550/arXiv.2204.09548."", ""Lisnic, Maxim, Cole Polychronis, Alexander Lex, and Marina Kogan. “Misleading Beyond Visual Tricks: How People Actually Lie with Charts.” In Proceedings of the 2023 CHI Conference on Human Factors in Computing Systems, 1–21. Hamburg Germany: ACM, 2023. https://doi.org/10.1145/3544548.3580910.""",
55,Major Finding,Indicates that the visualization presents a key or central result.,Confirmation,Context,"Interpretation, Usage",The Economist,E15,WS-NetZero,"""Hullman and Diakopoulos, “Visualization Rhetoric.”""",
56,Adjusted Baseline,"Indicates that a non-zero or shifted reference point is used (e.g., per capita, moving average).",Information,Analysis,Transformation,The Times,T8,,,
57,Possible Visual Artifacts,Indicates that the visualization algorithm or scaling method may produce patterns not present in the underlying data,Warning,Analysis,Interpretation,,,,,
58,Rounding Errors,"Indicates that data in the visualization may contain rounding errors, e.g., values not adding up to 100%. ",Warning,Analysis,Constraints,,,,"""Lan and Liu, “‘I Came Across a Junk.’”""",
59,Mind False Conclusions,Warns the reader that a seemingly obvious visual pattern may lead to false conclusions,Warning,Analysis,Interpretation,,,WS-Earth,"""Lan and Liu, “‘I Came Across a Junk.’”"", ""McNutt, Andrew, Gordon Kindlmann, and Michael Correll. “Surfacing Visualization Mirages.” In Proceedings of the 2020 CHI Conference on Human Factors in Computing Systems, 1–16. CHI ’20. New York, NY, USA: Association for Computing Machinery, 2020. https://doi.org/10.1145/3313831.3376420."", ""Lisnic, Maxim, Cole Polychronis, Alexander Lex, and Marina Kogan. “Misleading Beyond Visual Tricks: How People Actually Lie with Charts.” In Proceedings of the 2023 CHI Conference on Human Factors in Computing Systems, 1–21. Hamburg Germany: ACM, 2023. https://doi.org/10.1145/3544548.3580910.""",
60,Shows Top N,"Indicates that only the top N elements are displayed, based on a certain criterion.",Information,Analysis,Filtering,,,WS-Peace,,
61,For General Audience,"Indicates that this visualization was designed to be easily understood by a general audience without domain-expertise, i.e., that it might make some simplifications or ommits some complexity",Information,Context,Audience,,,"WS-NetZero, WS-Earth","""Burns et al., “From Invisible to Visible.”,Burns et al., “Making the Invisible Visible.”""",
62,For Experts Only,Indicates that the chart requires specialized or technical domain knowledge.,Information,Context,Audience,,,,,
63,For Policy Makers,"Indicates that the chart is primarily aimed at government officials or decision-makers, the visualization contains very condensed, high-level information.",Information,Context,Audience,,,,,
64,Public Domain Visualization,Indicates that the chart is free of copyright restrictions.,Information,Context,License,,,,"""Degbelo and Kauppinen, “Increasing Transparency through Web Maps.”""",
65,Vis License: CC0,Specify the license for chart distribution as CC0 public domain.,Information,Context,License,,,,,
66,Public Domain Data,Indicates that the dataset is free from copyright or usage restrictions.,Information,Context,License,,,,"""Gebru et al., “Datasheets for Datasets.”"", ""Degbelo and Kauppinen, “Increasing Transparency through Web Maps.”""",
67,Data: CC0 Dedication,Indicates that the data is under the Creative Commons Public Domain Dedication (CC0).,Information,Context,License,,,,,
68,Data: ODC-PDDL,Indicates that the dataset is licensed under the Open Data Commons Public Domain Dedication and License (PDDL).,Information,Context,License,,,,,
69,Attributed Visualization Creators,Indicates that the individual or organization responsible for creation is acknowledged.,Confirmation,Context,Attribution,"Financial Times, The Economist","FT13, E8, FT1",,"""Hullman and Diakopoulos, “Visualization Rhetoric.”""",
70,Sensitive Topic,Indicates that the chart covers a sensitive topic that may upset some viewers.,Warning,Context,Audience,The Economist,E5,,,
71,Technical Terminology,Indicates that the visualization uses domain-specific terms that may be unfamiliar to many.,Warning,Context,Audience,Financial Times,FT5,"WS-Peace, WS-NetZero",,
72,Terminology Explained,Indicates that definitions or clarifications of specialized terms are provided.,Confirmation,Context,Audience,"The Economist, BBC, Financial Times, NewYork Times","E8, B1, FT1, FT3, NYT5",WS-Peace,,
73,Background Reading Available,Indicates that extra materials or readings are provided for additional context.,Confirmation,Context,Usage,"The Economist, NewYork Times","E10, NYT1, NYT6",WS-NetZero,,
74,Can Mouse Over,Indicates that hovering over elements reveals additional details.,Information,Interaction,Exploration,,,WS2-Peace,"""Gotz, David, and Michelle X Zhou. “Characterizing Users’ Visual Analytic Activity for Insight Provenance,” n.d."", ""Börner, Katy, Andreas Bueckle, and Michael Ginda. “Data Visualization Literacy: Definitions, Conceptual Frameworks, Exercises, and Assessments.” Proceedings of the National Academy of Sciences 116, no. 6 (February 5, 2019): 1857–64. https://doi.org/10.1073/pnas.1807180116.""",
75,Zoomable,Indicates that the map can be zoomed in or out.,Information,Interaction,Exploration,,,WS-Peace,"""Gotz, David, and Michelle X Zhou. “Characterizing Users’ Visual Analytic Activity for Insight Provenance,” n.d."", ""Börner, Katy, Andreas Bueckle, and Michael Ginda. “Data Visualization Literacy: Definitions, Conceptual Frameworks, Exercises, and Assessments.” Proceedings of the National Academy of Sciences 116, no. 6 (February 5, 2019): 1857–64. https://doi.org/10.1073/pnas.1807180116.""",
76,Can Sort,Indicates that users can reorder elements by a certain dimension.,Information,Interaction,Exploration,,,WS2-Peace,"""Gotz, David, and Michelle X Zhou. “Characterizing Users’ Visual Analytic Activity for Insight Provenance,” n.d."", ""Börner, Katy, Andreas Bueckle, and Michael Ginda. “Data Visualization Literacy: Definitions, Conceptual Frameworks, Exercises, and Assessments.” Proceedings of the National Academy of Sciences 116, no. 6 (February 5, 2019): 1857–64. https://doi.org/10.1073/pnas.1807180116.""",
77,Parameterizable,Indicates that users can modify parameters or settings.,Information,Interaction,Exploration,,,,"""Gotz, David, and Michelle X Zhou. “Characterizing Users’ Visual Analytic Activity for Insight Provenance,” n.d."", ""Börner, Katy, Andreas Bueckle, and Michael Ginda. “Data Visualization Literacy: Definitions, Conceptual Frameworks, Exercises, and Assessments.” Proceedings of the National Academy of Sciences 116, no. 6 (February 5, 2019): 1857–64. https://doi.org/10.1073/pnas.1807180116.""",
78,Brushing & Linking,Indicates that users can brush or highlight elements within or across multiple visualizations.,Information,Interaction,Exploration,,,WS2-Peace,"""Gotz, David, and Michelle X Zhou. “Characterizing Users’ Visual Analytic Activity for Insight Provenance,” n.d."", ""Börner, Katy, Andreas Bueckle, and Michael Ginda. “Data Visualization Literacy: Definitions, Conceptual Frameworks, Exercises, and Assessments.” Proceedings of the National Academy of Sciences 116, no. 6 (February 5, 2019): 1857–64. https://doi.org/10.1073/pnas.1807180116.""",
79,Details-on-Demand,Indicates that details appear when elements are hovered or selected.,Confirmation,Interaction,Exploration,,,WS2-Peace,"""Gotz, David, and Michelle X Zhou. “Characterizing Users’ Visual Analytic Activity for Insight Provenance,” n.d."", ""Börner, Katy, Andreas Bueckle, and Michael Ginda. “Data Visualization Literacy: Definitions, Conceptual Frameworks, Exercises, and Assessments.” Proceedings of the National Academy of Sciences 116, no. 6 (February 5, 2019): 1857–64. https://doi.org/10.1073/pnas.1807180116.""",
80,Interactive Pre-Filter,Indicates that the data is initially pre-filtered but can be manually adjusted.,Warning,Interaction,"Exploration, Filtering",The Economist,E10,WS2-Peace,,
81,Device-Responsive,Indicates that the chart adapts to different screen sizes and aspect ratios.,Confirmation,Interaction,"Exploration, Accessibility",Financial Times,FT8,,,
82,Non-Area-Preserving Projection,Indicates that the chosen map projection does not preserve consistent area proportions.,Warning,Visual Encoding,Maps,The Economist,E11,,"""Lo, Leo Yu-Ho, Ayush Gupta, Kento Shigyo, Aoyu Wu, Enrico Bertini, and Huamin Qu. “Misinformed by Visualization: What Do We Learn From Misinformative Visualizations?” arXiv, April 20, 2022. https://doi.org/10.48550/arXiv.2204.09548.""",
83,Points Don't Match Exact Locations,Indicates that symbol positions on the map may not reflect precise coordinates,Warning,Visual Encoding,"Maps, Uncertainty",NewYork Times,NYT16,WS-Peace,,
84,Points Match Exact Locations,Indicated that symbol positions have exact coordinates for the event.,Confirmation,Visual Encoding,Maps,,,,"""Hullman, Jessica. “Why Authors Don’t Visualize Uncertainty.” IEEE Transactions on Visualization and Computer Graphics 26, no. 1 (January 2020): 130–39. https://doi.org/10.1109/TVCG.2019.2934287.""",
85,Uncertainty Visualized,"Indicates that statistical or model uncertainty (e.g., error bars, confidence bands) is shown.",Confirmation,Visual Encoding,Uncertainty,,,,"""Hullman and Diakopoulos, “Visualization Rhetoric.”"", ""Hullman, Jessica. “Why Authors Don’t Visualize Uncertainty.” IEEE Transactions on Visualization and Computer Graphics 26, no. 1 (January 2020): 130–39. https://doi.org/10.1109/TVCG.2019.2934287."", ""Mayr, Eva, Nicole Hynek, Saminu Salisu, and Florian Windhager. “Trust in Information Visualization.” EuroVis Workshop on Trustworthy Visualization (TrustVis), 2019, 5 pages. https://doi.org/10.2312/TRVIS.20191187.""",
86,Uncertainty Omitted,Indicates that known uncertainty is not shown in the visualization.,Warning,Visual Encoding,Uncertainty,,,WS-Peace,"""Lan and Liu, “‘I Came Across a Junk.’”"", ""Mayr, Eva, Nicole Hynek, Saminu Salisu, and Florian Windhager. “Trust in Information Visualization.” EuroVis Workshop on Trustworthy Visualization (TrustVis), 2019, 5 pages. https://doi.org/10.2312/TRVIS.20191187."", ""Lo, Leo Yu-Ho, Ayush Gupta, Kento Shigyo, Aoyu Wu, Enrico Bertini, and Huamin Qu. “Misinformed by Visualization: What Do We Learn From Misinformative Visualizations?” arXiv, April 20, 2022. https://doi.org/10.48550/arXiv.2204.09548.""",
87,Dual-Axis Encoding,Indicates that two different (vertical) axes are used to represent separate variables in the same chart.,Warning,Visual Encoding,"Axes, Interpretation",,,WS-Peace,"""Hullman and Diakopoulos, “Visualization Rhetoric.”"", ""Lan and Liu, “‘I Came Across a Junk.’”"", ""Lisnic, Maxim, Cole Polychronis, Alexander Lex, and Marina Kogan. “Misleading Beyond Visual Tricks: How People Actually Lie with Charts.” In Proceedings of the 2023 CHI Conference on Human Factors in Computing Systems, 1–21. Hamburg Germany: ACM, 2023. https://doi.org/10.1145/3544548.3580910.""",
88,Truncated Axis,"Indicates that an axis starts from a non-zero point, explaining the rationale for that",Warning,Visual Encoding,"Axes, Interpretation",,,,"""Cairo, How Charts Lie."", ""Wang et al., “Cheat Sheets for Data Visualization Techniques.”"", ""Lan and Liu, “‘I Came Across a Junk.’”"", ""Burns et al., “From Invisible to Visible.”,Burns et al., “Making the Invisible Visible.”"", ""Lo, Leo Yu-Ho, Ayush Gupta, Kento Shigyo, Aoyu Wu, Enrico Bertini, and Huamin Qu. “Misinformed by Visualization: What Do We Learn From Misinformative Visualizations?” arXiv, April 20, 2022. https://doi.org/10.48550/arXiv.2204.09548."", ""Lisnic, Maxim, Cole Polychronis, Alexander Lex, and Marina Kogan. “Misleading Beyond Visual Tricks: How People Actually Lie with Charts.” In Proceedings of the 2023 CHI Conference on Human Factors in Computing Systems, 1–21. Hamburg Germany: ACM, 2023. https://doi.org/10.1145/3544548.3580910."", ""Kosara, Robert. “An Empire Built On Sand: Reexamining What We Think We Know About Visualization.” In Proceedings of the Sixth Workshop on Beyond Time and Errors on Novel Evaluation Methods for Visualization, 162–68. BELIV ’16. New York, NY, USA: Association for Computing Machinery, 2016. https://doi.org/10.1145/2993901.2993909.""",
89,Inconsistent Axis Intervals,"Indicates that intervals on the axis are not uniform, potentially confusing scale perception.",Warning,Visual Encoding,Axes,The Economist,E4,WS-NetZero,"""Cairo, How Charts Lie."", ""Lan and Liu, “‘I Came Across a Junk.’”"", ""Lo, Leo Yu-Ho, Ayush Gupta, Kento Shigyo, Aoyu Wu, Enrico Bertini, and Huamin Qu. “Misinformed by Visualization: What Do We Learn From Misinformative Visualizations?” arXiv, April 20, 2022. https://doi.org/10.48550/arXiv.2204.09548."", ""Lisnic, Maxim, Cole Polychronis, Alexander Lex, and Marina Kogan. “Misleading Beyond Visual Tricks: How People Actually Lie with Charts.” In Proceedings of the 2023 CHI Conference on Human Factors in Computing Systems, 1–21. Hamburg Germany: ACM, 2023. https://doi.org/10.1145/3544548.3580910.""",
90,Inverted Axis,"Indicates that an axis direction is reversed with respect to an otherwise intuitive direction, e.g., higher values on the top, time passing from left to right, etc. ",Warning,Visual Encoding,"Axes, Interpretation",,,,"""Wang et al., “Cheat Sheets for Data Visualization Techniques.”"", ""Lo, Leo Yu-Ho, Ayush Gupta, Kento Shigyo, Aoyu Wu, Enrico Bertini, and Huamin Qu. “Misinformed by Visualization: What Do We Learn From Misinformative Visualizations?” arXiv, April 20, 2022. https://doi.org/10.48550/arXiv.2204.09548."", ""Lisnic, Maxim, Cole Polychronis, Alexander Lex, and Marina Kogan. “Misleading Beyond Visual Tricks: How People Actually Lie with Charts.” In Proceedings of the 2023 CHI Conference on Human Factors in Computing Systems, 1–21. Hamburg Germany: ACM, 2023. https://doi.org/10.1145/3544548.3580910.""",
91,Differing Y-Axis,Indicates that multiple charts use different y-axis scales or baselines.,Warning,Visual Encoding,"Axes, Interpretation",Financial Times,FT13,,"""Lo, Leo Yu-Ho, Ayush Gupta, Kento Shigyo, Aoyu Wu, Enrico Bertini, and Huamin Qu. “Misinformed by Visualization: What Do We Learn From Misinformative Visualizations?” arXiv, April 20, 2022. https://doi.org/10.48550/arXiv.2204.09548.""",
92,Log Scale,Indicates that the data is plotted on a logarithmic scale.,Warning,Visual Encoding,Axes,The Economist,E11,,"""Cairo, How Charts Lie.""",
93,Size Distortion,Indicates that element sizes may not strictly match their underlying data values.,Warning,Visual Encoding,,,,,"""Cairo, How Charts Lie."", ""Lan and Liu, “‘I Came Across a Junk.’”""",
94,Small Values Exaggerated,Indicates that very small data points are magnified for better visibility.,Warning,Visual Encoding,,"The Economist, Financial Times","E11, FT14",,,
95,Invisible Small Values,"Indicates that extremely small items may not be visible at the current scale, e.g., they cannot be seen at the current screen resolution or zoom level. ",Warning,Visual Encoding,,,,WS-NetZero,"""Hullman and Diakopoulos, “Visualization Rhetoric.”"", ""Lan and Liu, “‘I Came Across a Junk.’”""",
96,Overlapping Elements,Indicates that elements can overlap in dense areas.,Warning,Visual Encoding,,The Economist,E10,WS-Peace,"""Cairo, How Charts Lie."", ""Lan and Liu, “‘I Came Across a Junk.’”""",
97,Colorblind Safe,Indicates that color choices remain distinguishable for colorblind viewers.,Confirmation,Visual Encoding,"Accessibility, Color","BBC, The Guardian, NewYork Times","B1, B3, G1, NYT1, NYT5, NYT6",WS-Peace,"""McNutt and Kindlmann, “Linting for Visualization: Towards a Practical Automated Visualization Guidance System.”"", ""Lo, Leo Yu-Ho, Ayush Gupta, Kento Shigyo, Aoyu Wu, Enrico Bertini, and Huamin Qu. “Misinformed by Visualization: What Do We Learn From Misinformative Visualizations?” arXiv, April 20, 2022. https://doi.org/10.48550/arXiv.2204.09548.""",
98,Printer Safe,Indicates that the design remains clear and readable when printed,Confirmation,Visual Encoding,Accessibility,,,,"""McNutt and Kindlmann, “Linting for Visualization: Towards a Practical Automated Visualization Guidance System.”""",
99,Area Encoding,Indicates that the size of visual elements is calculated as function of their value mapped to the area.,Information,Visual Encoding,,"Financial Times, The Guardian","FT2, G1",,"""Cairo, How Charts Lie.""",
100,False Friend,Indicates that a visualization may resemble a common visualization yet might require different interpretation,Warning,Visual Encoding,"Interpretation, Bias",,,,"""Wang et al., “Cheat Sheets for Data Visualization Techniques.”""",
101,Null-Values Removed,Indicates that null or infinite values have been excluded from the data.,Warning,Analysis,Constraints,,,,"""Lan and Liu, “‘I Came Across a Junk.’”""",
102,Varying Scales,"Indicates that multiple adjacent charts use different axis scales, complicating comparison across charts. ",Warning,Visual Encoding,Axes,,,,"""Lan and Liu, “‘I Came Across a Junk.’”"", ""Wang et al., “Cheat Sheets for Data Visualization Techniques.”""",
103,Rainbow Required,Indicates that a rainbow-like color gradient is required to show the specific data. ,Warning,Visual Encoding,Color,,,,"""Lan and Liu, “‘I Came Across a Junk.’”"", ""Kosara, Robert. “An Empire Built On Sand: Reexamining What We Think We Know About Visualization.” In Proceedings of the Sixth Workshop on Beyond Time and Errors on Novel Evaluation Methods for Visualization, 162–68. BELIV ’16. New York, NY, USA: Association for Computing Machinery, 2016. https://doi.org/10.1145/2993901.2993909.""",
104,Redundant Encodings,"Indicates that more than one visual channel (e.g., color and shape) encodes the same attribute.",Warning,Visual Encoding,Interpretation,,,,"""Lan and Liu, “‘I Came Across a Junk.’”"", ""Kosara, Robert. “An Empire Built On Sand: Reexamining What We Think We Know About Visualization.” In Proceedings of the Sixth Workshop on Beyond Time and Errors on Novel Evaluation Methods for Visualization, 162–68. BELIV ’16. New York, NY, USA: Association for Computing Machinery, 2016. https://doi.org/10.1145/2993901.2993909.""",
105,Labels Omitted,Indicates that axis text is provided in accompanying descriptions rather than on the axis itself,Warning,Visual Encoding,Axes,"BBC, The Guardian","B1, G1",WS-NetZero,"""Lan and Liu, “‘I Came Across a Junk.’”""",
106,Composite Index,Indicates that a combined metric synthesized from multiple factors is displayed,Information,Analysis,Aggregation,,,WS-Earth,,
107,Qualitative Categories,"Indicates that data is grouped into descriptive categories (e.g., high, medium, low).",Information,Analysis,Transformation,,,WS-Earth,,
108,Approximate Times,Indicates that the displayed timeframe is approximate.,Information,Visual Encoding,Time,,,WS-Earth,,
109,Estimated Geographic Boundaries,Indicates that shapes or borders are inferred rather than exact.,Warning,Visual Encoding,Maps,,,WS-Earth,,
110,Uneven Time Intervals,Indicates that the intervals between time points are inconsistent.,Warning,Visual Encoding,Time,,,WS-Earth,,
111,Known Data Gap,Indicates that there is a known gap in the dataset.,Warning,Data,"Uncertainty, Constraints",,,WS-Earth,,
112,3D,Indicates that the chart visualizes three-dimensional or volume-based measurements. The chart may contain occlusion.,Information,Data,Source,,,WS-Earth,,
113,Experts Involved,Indicates that domain experts provided insights or guided the design and analysis,Confirmation,Context,Attribution,,,WS-Peace,,
114,AI-Generated Visualization,"Indicates that the chart was produced by generative AI tools (e.g., GPT, DALL-E).",Warning,Context,AI,,,,,Came up during discussions
115,AI-Generated Data,Indicates that part or all of the dataset was generated by an AI model.,Warning,Data,"AI, Uncertainty",,,,,Came up during discussions
116,AI-Assisted Analysis,"Indicates that AI methods (e.g., clustering, pattern recognition) were used in data analysis.",Warning,Analysis,AI,,,,,Came up during discussions
117,AI-Generated Captions,Indicates that descriptive text or annotations were produced by an AI system.,Warning,Context,"AI, Interpretation",,,,,Came up during discussions
118,AI-Derived Insight,Indicates that the key insights rely on AI-based evaluation.,Warning,Analysis,AI,,,,,Came up during discussions
119,Human-Verified AI,Indicates that humans verified AI-generated results.,Confirmation,Analysis,"Attribution, Bias",,,,,Came up during discussions
120,Possible AI Bias,Indicates that the visualization may reflect distortions introduced by AI systems,Warning,Analysis,"Bias, AI",,,,,Came up during discussions
121,No AI Involved,Confirms that no AI was involved in creating this visualization.,Confirmation,Context,"Attribution, Bias",,,,,Came up during discussions
122,Secondary Data,Indicates that the dataset is derived from secondary or aggregated sources rather than raw data.,Information,Data,Source,,,WS-Peace,,
123,Data Off the Map,Indicates that some data points lie outside the current view and are not displayed.,Warning,Visual Encoding,Maps,,,WS-Peace,,
124,Semi-Auto Data Processing,Indicates that data processing involves both machine automation and manual cleaning.,Information,Analysis,Tools,,,WS-Peace,,
125,Additional Manual Cleaning,Indicates that the data processing was cross-checked manually.,Information,Analysis,Tools,,,,,"new one, based on the ""semi-auto preprocessing"""
126,Irregular Patterns,Indicates that there are irregular patterns that may not yield meaningful conclusions.,Warning,Visual Encoding,Uncertainty,,,,,
127,Standard Scale Used,"Indicates that the visualization uses a standard scale (e.g., linear).",Information,Visual Encoding,Interpretation,,,,,
128,Interval Breaks,"Indicates that an axis in the visualization has one or more breaks, i.e., unequal intervals.",Warning,Visual Encoding,Interpretation,,,WS2-NetZero,,
129,Positionless Elements Not Shown,Indicates that this visualization does not or cannot show elements without a geographic position.,Warning,Visual Encoding,Maps,,,,,
130,Simplified Geographic Boundaries,Indicates that geographic boundaries have been simplified to improve readability of this visualization. ,Warning,Visual Encoding,Maps,,,,,
131,Interaction Linked Across Multiple Views,"Indicates that interactive changes in one view affect other views (e.g., linked small multiples).",Information,Interaction,,,,,,
132,User-Tested Vis,"Indicates that the visualization was validated through user testing (e.g., user study).",Confirmation,Context,Audience,,,,,